пол,возраст,Группа,Диагноз,Национальность,ожирение,курение,алкоголь,FV,FII,AGTR,AGT_174,AGT_235,PAI1,MTHFR,ACE,NOS,APOE,LPL+73in6,LPL+82in6,LPL_HindIII,LPL_S447X,LIPC(-514),LIPCV155V,CETP_taq,CETP_I405V
М,30,Контроль,отрицат,русский,0,0,0,GG,GG,AA,CT,CT,44,CT,DD,GT,33,GT,GG,AC,CC,AA,CA,AG,AA
М,46,Контроль,отрицат,русский,0,2,2,GG,GG,AA,CT,CT,44,CC,DD,TT,33,TT,GG,AA,CC,GG,CC,AG,GG
М,60,Контроль,отрицат,русский,0,2,2,GG,GG,AC,CC,CC,45,CT,ID,GT,33,TT,GG,AA,CC,AA,AA,GG,AG
М,55,Контроль,отрицат,русский,1,-,0,GG,GG,AA,CC,TT,55,CT,ID,GG,23,TT,GG,AC,GC,GG,CA,AA,AA
М,54,Контроль,отрицат,русский,0,0,0,GG,GG,AC,CC,CC,44,CT,II,GT,34,TT,GG,CC,GC,GG,CC,AA,AA
М,60,Контроль,отрицат,русский,0,0,0,GG,GG,AA,CC,CC,55,TT,ID,GT,34,TT,GT,AA,CC,GG,AA,GG,AA
М,54,Контроль,отрицат,русский,0,0,0,GG,GG,AA,CC,CT,45,CT,ID,GT,33,TT,GG,AA,CC,GG,CA,AG,AG
М,49,Контроль,отрицат,русский,0,1,0,GG,GG,AC,CC,CC,45,CT,ID,GG,33,TT,GG,AC,CC,GG,AA,AA,AA
М,36,Контроль,отрицат,русский,2,2,2,GG,GG,AC,CC,CT,45,CT,ID,GG,33,GT,GG,CC,CC,GG,CA,GG,AG
М,18,Контроль,отрицат,русский,0,0,0,GG,GG,AA,CC,CT,44,CC,ID,GT,33,TT,GT,AA,CC,GG,CC,GG,AA
М,58,Контроль,отрицат,русский,0,0,0,GG,GG,AA,CC,TT,45,CT,ID,GG,34,GT,GG,CC,GC,AG,CC,AG,AA
М,47,Контроль,отрицат,русский,0,2,2,GG,GG,AA,CC,TT,45,CT,II,GG,23,GT,GG,AA,CC,AG,CA,AG,AG
М,58,Контроль,отрицат,русский,0,0,2,GG,GG,AA,CC,TT,55,CC,ID,GG,34,GT,GG,AC,CC,AG,CA,AG,AA
М,42,Контроль,отрицат,русский,0,0,0,GG,GG,CC,CC,CC,44,CC,ID,GT,33,TT,GT,AA,CC,AG,CA,GG,GG
М,33,Контроль,отрицат,русский,0,0,0,GG,GG,CC,CT,CT,44,CC,ID,GG,34,TT,TT,AA,CC,GG,CC,GG,AA
М,49,Контроль,отрицат,русский,0,0,0,GG,GG,CC,CC,CT,45,CT,II,GT,34,TT,TT,AA,CC,GG,CA,GG,AA
М,58,Контроль,отрицат,русский,1,2,2,GG,GG,AA,CC,CC,44,CC,ID,GG,33,TT,GT,AA,CC,AG,AA,AG,AG
М,61,Контроль,отрицат,русский,0,2,0,GG,GG,AA,CC,TT,44,CT,II,GG,33,TT,GT,AA,CC,AG,CA,GG,AG
М,60,Контроль,отрицат,русский,2,0,2,GG,AG,AA,CT,CT,44,CT,ID,GG,33,GG,GG,CC,GG,AG,CA,AG,AA
М,40,Контроль,отрицат,русский,0,0,0,GG,GG,AA,CT,CT,44,CC,DD,GG,33,TT,GG,AC,CC,AG,CC,GG,AA
М,40,Контроль,отрицат,русский,2,-,-,GG,GG,AC,CC,CT,55,CC,II,GG,33,TT,GT,AA,CC,GG,AA,GG,AG
М,48,Контроль,отрицат,русский,0,1,0,GG,GG,CC,CC,CT,45,CC,ID,GG,33,TT,GT,AA,CC,GG,CA,AG,AA
М,44,Контроль,отрицат,русский,1,0,0,GG,GG,AC,TT,CC,44,CC,DD,GG,34,TT,GG,CC,CC,GG,AA,AG,AA
М,46,Контроль,отрицат,русский,0,2,2,GG,GG,AA,CT,CT,44,CC,DD,TT,33,TT,GG,AA,CC,GG,CC,AG,GG
М,40,Контроль,отрицат,русский,0,0,2,GG,GG,AC,CC,CT,55,CT,ID,GT,34,TT,GT,AA,CC,GG,AA,AG,AG
М,44,Контроль,отрицат,русский,0,2,2,GG,GG,AA,CC,CT,45,TT,ID,GG,34,GT,GG,AA,CC,AA,CA,AA,AA
М,55,Контроль,отрицат,русский,0,0,0,GG,GG,AA,CT,CT,44,CC,II,GT,34,TT,GT,AC,CC,GG,AA,AG,AA
М,51,Контроль,отрицат,русский,0,0,0,GG,GG,AC,CC,CC,44,CC,ID,GG,33,TT,GG,AC,CC,GG,CC,AG,AA
М,55,Контроль,отрицат,русский,1,0,0,GG,GG,AA,CT,CT,45,CT,ID,GG,33,TT,GG,AA,CC,GG,CA,GG,AG
М,46,Контроль,отрицат,русский,0,3,2,GG,GG,AA,CT,CT,45,CC,II,GG,33,TT,GT,AA,CC,AG,CC,GG,AG
М,45,Контроль,отрицат,русский,1,2,2,GG,GG,AC,CC,CC,45,CC,ID,GT,33,TT,GG,AA,CC,GG,AA,AA,AG
М,46,Контроль,отрицат,русский,0,0,0,GG,GG,AA,CT,CT,55,CC,DD,GT,33,TT,GG,AA,CC,GG,AA,GG,AA
М,34,Контроль,отрицат,русский,1,3,2,GG,GG,AC,CC,CT,45,TT,ID,GG,33,GT,GT,AC,GC,GG,CA,GG,AG
М,45,Контроль,отрицат,русский,2,2,2,GG,GG,CC,CC,CC,45,CC,ID,GG,34,TT,GG,AA,CC,GG,AA,AG,AG
М,39,Контроль,отрицат,русский,0,0,2,GG,GG,AA,CC,TT,45,CT,DD,GT,3,TT,GT,AA,CC,AG,CA,AG,AA
М,42,Контроль,отрицат,русский,0,0,0,GG,GG,AA,CT,CC,45,CT,ID,GG,23,TT,GT,AA,CC,AG,CA,AG,GG
М,47,Контроль,отрицат,русский,0,0,3,GG,GG,AA,TT,CC,45,CC,II,GG,33,TT,GT,AA,CC,AG,CC,GG,AG
М,50,Контроль,отрицат,русский,0,0,0,GG,AG,AA,CC,CC,44,CC,DD,GG,33,TT,GT,AA,CC,AG,CA,GG,AA
М,54,Контроль,отрицат,русский,0,0,2,GG,GG,AC,CT,CC,44,CC,ID,GG,44,TT,GT,AC,CC,AG,CA,AG,AG
М,55,Контроль,отрицат,русский,1,0,0,GG,GG,CC,CC,TT,45,CT,ID,GT,33,TT,GT,AC,CC,GG,AA,GG,GG
М,42,Контроль,отрицат,русский,0,2,2,GG,GG,AA,CT,CC,45,CC,ID,GG,33,TT,GT,AC,CC,GG,AA,GG,AA
М,55,Контроль,отрицат,русский,2,2,2,GG,GG,AA,CC,CT,55,CC,DD,GG,33,TT,GG,CC,CC,AG,CA,GG,AA
М,50,Контроль,отрицат,русский,0,0,0,GG,GG,AA,CC,CC,45,CC,ID,GG,33,TT,GG,AA,CC,AG,CC,AA,AA
М,48,Контроль,отрицат,русский,0,2,2,GG,GG,AA,CC,CC,44,CC,DD,GG,34,GT,GG,AC,CC,GG,AA,AG,AA
М,40,Контроль,отрицат,русский,0,2,2,GG,GG,AA,CC,CT,55,CT,ID,GG,22,GT,GG,AC,CC,GG,CA,AG,AA
М,50,Контроль,отрицат,русский,0,2,2,GG,GG,AC,CC,CT,55,CC,DD,GT,33,TT,GG,AC,CC,AG,CA,AA,AG
М,58,Контроль,отрицат,русский,2,2,2,GG,GG,AC,CC,TT,45,CC,ID,GG,33,GT,GG,AC,CC,GG,CA,AA,AA
М,58,Контроль,отрицат,русский,2,0,2,GG,GG,AC,CT,CC,55,CC,II,GG,33,TT,GT,AC,CC,GG,CA,AA,AA
М,43,Контроль,отрицат,русский,0,2,2,GG,AG,AC,CT,CT,45,CC,ID,GT,33,GT,GG,AA,CC,GG,CA,AG,AA
М,54,Контроль,отрицат,русский,1,2,2,GG,GG,AA,CC,CC,45,CT,ID,GG,33,TT,GT,AA,CC,GG,CC,GG,AG
М,42,Контроль,отрицат,русский,0,0,2,GG,GG,AA,CT,CT,45,CC,DD,GG,23,TT,GG,AA,CC,AG,CA,AG,AG
М,50,Контроль,отрицат,русский,0,2,2,GG,GG,AA,CT,CT,44,CC,ID,GG,33,GT,GG,AA,CC,GG,AA,AG,AA
М,50,Контроль,отрицат,русский,0,0,2,GG,GG,AA,CC,TT,45,CT,II,GG,23,GT,GG,AC,CC,GG,CA,GG,AG
М,30,Контроль,отрицат,русский,0,0,2,GG,GG,AA,CC,CC,55,CT,ID,GG,34,TT,GG,AC,CC,GG,CA,AG,AG
М,31,Контроль,отрицат,русский,0,2,2,GG,GG,AA,CT,CT,45,CT,ID,GT,33,TT,GG,AC,CC,AA,CA,AG,AG
М,55,Контроль,отрицат,русский,0,0,0,GG,GG,AC,CC,CT,44,TT,ID,TT,33,TT,GT,AA,CC,GG,AA,AA,AG
М,59,Контроль,отрицат,русский,2,2,0,GG,GG,AA,CC,TT,45,CT,ID,GG,33,TT,GG,AC,CC,GG,CA,AG,GG
М,54,Контроль,отрицат,русский,1,0,0,GG,GG,AA,CC,CT,44,CT,ID,TT,44,TT,GG,AC,GC,AG,CA,GG,GG
М,48,Контроль,отрицат,русский,1,0,0,GG,GG,AA,CC,CT,44,CT,ID,GG,33,GT,GG,AC,CC,GG,AA,AA,AG
М,55,Контроль,отрицат,русский,0,0,0,GG,GG,AA,CC,CT,44,CC,ID,GT,33,TT,GG,AA,CC,GG,CA,GG,AG
М,41,Контроль,отрицат,русский,1,2,2,GG,GG,AA,CT,CC,55,CT,ID,GT,33,TT,GG,AC,CC,AG,CC,GG,AG
М,43,Контроль,отрицат,русский,0,0,0,GG,GG,AA,CT,CC,55,CT,ID,GG,33,TT,GG,AA,CC,AG,AA,GG,AA
М,55,Контроль,отрицат,русский,0,0,0,GG,GG,AC,CC,TT,44,CC,DD,GG,34,TT,GG,AC,CC,GG,AA,GG,AA
М,64,Контроль,отрицат,русский,1,0,0,GG,GG,CC,TT,CC,44,CT,ID,GG,33,GT,GG,AC,GC,GG,CA,GG,AG
М,55,Контроль,отрицат,русский,1,2,0,GG,GG,AC,CC,CC,44,CT,DD,TT,33,TT,GG,AC,CC,AG,CA,AG,AA
М,60,Контроль,отрицат,русский,1,2,0,GG,GG,AC,CT,CT,44,CC,DD,GG,23,GT,GG,AA,CC,GG,CA,AA,AG
М,60,Контроль,отрицат,русский,0,0,0,GG,GG,CC,CT,CT,44,CC,DD,GT,33,TT,GG,AA,CC,GG,CA,GG,AG
М,56,Контроль,отрицат,русский,0,0,0,GG,GG,AA,CC,CT,45,CT,ID,GG,33,TT,GG,AC,CC,AG,AA,AG,AG
М,41,Контроль,отрицат,русский,0,0,0,GG,GG,AC,CC,CT,44,CT,ID,GT,33,TT,GG,AC,CC,GG,CC,AG,AG
М,56,Контроль,отрицат,русский,1,0,0,GG,GG,AA,CC,TT,45,CT,ID,GG,33,TT,GG,AA,CC,AA,AA,AA,AA
М,55,Контроль,отрицат,русский,1,0,0,GG,GG,AA,CC,CT,45,CT,ID,GG,33,TT,GG,AA,CC,GG,CA,GG,AG
М,47,Контроль,отрицат,русский,0,2,0,GG,GG,AA,CC,TT,44,CC,ID,GT,33,TT,GT,AA,CC,AG,CA,GG,AA
М,55,Контроль,отрицат,русский,0,0,0,GG,GG,AC,CC,TT,55,CT,DD,GG,34,TT,GT,AA,CC,GG,CA,AG,AG
М,55,Контроль,отрицат,русский,1,0,0,GG,GG,AA,CC,CT,55,CC,II,GG,23,TT,GG,AA,CC,AG,CC,AG,AA
М,55,Контроль,отрицат,русский,0,0,0,GG,GG,CC,CC,CC,44,CC,DD,GG,34,TT,GT,AA,CC,AG,CC,AG,AA
М,55,Контроль,отрицат,русский,1,0,0,GG,GG,AA,CC,CT,45,CC,ID,GG,34,TT,GT,AA,CC,GG,AA,AA,GG
М,55,Контроль,отрицат,русский,0,0,0,GG,GG,AA,CC,CT,45,CT,ID,GT,23,TT,GT,AC,CC,GG,AA,GG,AA
М,33,Контроль,отрицат,русский,0,0,0,GG,GG,AA,CT,CC,44,CT,II,GG,33,TT,GT,AA,CC,GG,CA,AG,AG
М,45,Контроль,отрицат,русский,0,0,0,GG,GG,AC,CC,CC,55,CT,DD,GG,23,TT,GG,AA,CC,GG,CA,AG,AA
М,46,Контроль,отрицат,русский,0,0,0,GG,GG,AA,CC,CC,45,CC,II,GG,33,TT,GG,AC,CC,GG,CA,AG,AG
М,35,Контроль,отрицат,русский,0,0,0,GG,GG,AA,CC,CC,45,TT,ID,GG,33,TT,GT,AA,CC,GG,CA,AG,AA
М,36,Контроль,отрицат,русский,0,2,1,GG,GG,AC,CC,CC,55,CC,DD,GG,33,TT,GT,AA,CC,GG,CC,AA,AA
М,49,Контроль,отрицат,русский,0,1,0,GG,GG,AA,CC,TT,44,CT,ID,GG,33,TT,GT,AA,CC,GG,CA,AG,AA
М,42,Контроль,отрицат,русский,0,2,0,GG,GG,CC,CC,CT,45,CC,II,GG,33,TT,GT,AA,CC,GG,AA,AG,AA
М,40,Контроль,отрицат,русский,0,2,0,GG,GG,AC,CC,TT,55,CC,ID,GT,33,GT,GG,AC,CC,AG,CA,GG,AA
М,36,Контроль,отрицат,русский,0,0,0,GG,GG,AC,CC,TT,44,CT,DD,GT,33,GT,GG,AA,CC,GG,CA,AG,AG
М,62,Контроль,отрицат,русский,0,0,2,GG,GG,AC,TT,CC,44,TT,DD,GG,33,TT,GT,AA,CC,GG,CA,AG,AA
М,51,Контроль,отрицат,русский,0,0,0,GG,GG,AC,CC,CC,44,CC,ID,GG,33,TT,GG,AC,CC,GG,CC,AG,AA
М,54,Контроль,отрицат,русский,0,0,0,GG,GG,AA,CC,TT,44,CC,ID,GG,33,GT,GG,AC,CC,AG,AA,AG,AA